{
  "rows": 394,
  "rag_calls_ok": 394,
  "rag_calls_failed": 0,
  "must_contain_pass": 103,
  "must_contain_scored_rows": 393,
  "gold_source_checked": 392,
  "gold_source_pass": 313,
  "required_sources_checked": 1,
  "required_sources_pass": 1,
  "errors_sample": [],
  "latency_scored_rows": 394,
  "latency_ms_mean": 2940.200507614213,
  "latency_ms_min": 986.0,
  "latency_ms_max": 7149.0,
  "latency_ms_p50": 2773.0,
  "latency_ms_p95": 4858.849999999999,
  "latency_ms_p99": 6048.089999999999,
  "quality_scored_rows": 394,
  "quality_correct_pass": 103,
  "quality_correct_rate": 0.2614213197969543,
  "quality_faithful_pass": 314,
  "quality_faithful_rate": 0.7969543147208121,
  "quality_complete_pass": 103,
  "quality_complete_rate": 0.2614213197969543,
  "quality_precise_pass": 100,
  "quality_precise_rate": 0.25380710659898476,
  "quality_cited_pass": 314,
  "quality_cited_rate": 0.7969543147208121,
  "quality_score_mean": 0.47411167512690555,
  "retrieval_scored_rows": 392,
  "mean_rr_retrieve": 0.785978652824766,
  "mean_rr_rerank": 0.7467296395199857,
  "mrr_retrieve": 0.785978652824766,
  "mrr_rerank": 0.7467296395199857,
  "retrieval_found_retrieve": 392,
  "retrieval_found_rerank": 374,
  "mean_rr_retrieve_when_found": 0.785978652824766,
  "mean_rr_rerank_when_found": 0.7826684991760278,
  "recall_at_5_retrieve": 0.923469387755102,
  "recall_at_5_rerank": 0.8724489795918368,
  "precision_at_5_retrieve": 0.18469387755102165,
  "precision_at_5_rerank": 0.17448979591836844,
  "ndcg_at_5_retrieve": 0.8133241214731075,
  "ndcg_at_5_rerank": 0.7735052675421134,
  "f1_at_5_retrieve": 0.3078231292516991,
  "f1_at_5_rerank": 0.29081632653061085,
  "recall_at_10_retrieve": 0.9846938775510204,
  "recall_at_10_rerank": 0.9056122448979592,
  "precision_at_10_retrieve": 0.09846938775510275,
  "precision_at_10_rerank": 0.09056122448979652,
  "ndcg_at_10_retrieve": 0.8334397532757754,
  "ndcg_at_10_rerank": 0.7836721189561374,
  "f1_at_10_retrieve": 0.1790352504638218,
  "f1_at_10_rerank": 0.16465677179962843,
  "recall_at_40_retrieve": 1.0,
  "recall_at_40_rerank": 0.9540816326530612,
  "precision_at_40_retrieve": 0.025000000000000182,
  "precision_at_40_rerank": 0.0238520408163267,
  "ndcg_at_40_retrieve": 0.8372913645391777,
  "ndcg_at_40_rerank": 0.7954683243534957,
  "f1_at_40_retrieve": 0.048780487804877794,
  "f1_at_40_rerank": 0.04654056744649061
}
