{
  "rows": 394,
  "rag_calls_ok": 394,
  "rag_calls_failed": 0,
  "must_contain_pass": 99,
  "must_contain_scored_rows": 393,
  "gold_source_checked": 392,
  "gold_source_pass": 319,
  "required_sources_checked": 1,
  "required_sources_pass": 1,
  "errors_sample": [],
  "latency_scored_rows": 394,
  "latency_ms_mean": 1611.743654822335,
  "latency_ms_min": 298.0,
  "latency_ms_max": 8706.0,
  "latency_ms_p50": 1378.5,
  "latency_ms_p95": 3599.1499999999996,
  "latency_ms_p99": 4409.07,
  "quality_scored_rows": 394,
  "quality_correct_pass": 99,
  "quality_correct_rate": 0.2512690355329949,
  "quality_faithful_pass": 320,
  "quality_faithful_rate": 0.8121827411167513,
  "quality_complete_pass": 99,
  "quality_complete_rate": 0.2512690355329949,
  "quality_precise_pass": 95,
  "quality_precise_rate": 0.24111675126903553,
  "quality_cited_pass": 320,
  "quality_cited_rate": 0.8121827411167513,
  "quality_score_mean": 0.4736040609137076,
  "retrieval_scored_rows": 392,
  "mean_rr_retrieve": 0.7689637814000059,
  "mean_rr_rerank": 0.7373982014731794,
  "mrr_retrieve": 0.7689637814000059,
  "mrr_rerank": 0.7373982014731794,
  "retrieval_found_retrieve": 392,
  "retrieval_found_rerank": 372,
  "mean_rr_retrieve_when_found": 0.7689637814000059,
  "mean_rr_rerank_when_found": 0.7770432660685116,
  "recall_at_5_retrieve": 0.9132653061224489,
  "recall_at_5_rerank": 0.8571428571428571,
  "precision_at_5_retrieve": 0.18265306122449101,
  "precision_at_5_rerank": 0.17142857142857248,
  "ndcg_at_5_retrieve": 0.7973770485708788,
  "ndcg_at_5_rerank": 0.7615148257168634,
  "f1_at_5_retrieve": 0.30442176870748144,
  "f1_at_5_rerank": 0.2857142857142844,
  "recall_at_10_retrieve": 0.9719387755102041,
  "recall_at_10_rerank": 0.9005102040816326,
  "precision_at_10_retrieve": 0.0971938775510211,
  "precision_at_10_rerank": 0.09005102040816386,
  "ndcg_at_10_retrieve": 0.8168957919650234,
  "ndcg_at_10_rerank": 0.7749523532895581,
  "f1_at_10_retrieve": 0.17671614100185512,
  "f1_at_10_rerank": 0.16372912801484177,
  "recall_at_40_retrieve": 1.0,
  "recall_at_40_rerank": 0.9489795918367347,
  "precision_at_40_retrieve": 0.025000000000000182,
  "precision_at_40_rerank": 0.023724489795918534,
  "ndcg_at_40_retrieve": 0.8239987784955431,
  "ndcg_at_40_rerank": 0.7869846365833263,
  "f1_at_40_retrieve": 0.048780487804877794,
  "f1_at_40_rerank": 0.04629168740666982
}
